reviewID,rating
1,4
2,3
3,3
4,4
5,4
6,4
7,5
8,4
9,4
10,4
11,3
12,3
13,3
14,4
15,4
16,4
17,4
18,4
19,4
20,4
21,3
22,3
23,3
24,4
25,4
26,3
27,3
28,4
29,3
30,4
31,3
32,4
33,4
34,4
35,4
36,3
37,4
38,4
39,4
40,4
41,4
42,4
43,4
44,4
45,4
46,3
47,4
48,3
49,5
50,4
51,4
52,3
53,4
54,4
55,4
56,4
57,4
58,4
59,4
60,3
61,3
62,4
63,3
64,4
65,4
66,4
67,4
68,4
69,4
70,3
71,4
72,4
73,4
74,4
75,4
76,4
77,4
78,4
79,4
80,4
81,4
82,3
83,3
84,4
85,4
86,3
87,4
88,3
89,4
90,4
91,4
92,4
93,3
94,4
95,4
96,4
97,4
98,4
99,4
100,4
101,4
102,4
103,3
104,4
105,3
106,3
107,4
108,3
109,3
110,4
111,3
112,3
113,4
114,4
115,4
116,4
117,4
118,4
119,4
120,4
121,3
122,4
123,3
124,3
125,3
126,4
127,3
128,4
129,4
130,3
131,4
132,4
133,4
134,4
135,4
136,4
137,4
138,4
139,4
140,4
141,3
142,4
143,4
144,3
145,4
146,5
147,4
148,4
149,4
150,4
151,4
152,4
153,4
154,3
155,4
156,3
157,3
158,4
159,4
160,4
161,3
162,4
163,3
164,4
165,4
166,3
167,3
168,4
169,4
170,4
171,3
172,3
173,4
174,4
175,4
176,4
177,3
178,3
179,4
180,3
181,4
182,4
183,3
184,4
185,3
186,4
187,4
188,4
189,4
190,4
191,3
192,4
193,3
194,4
195,3
196,4
197,3
198,4
199,4
200,3
201,4
202,4
203,4
204,4
205,4
206,3
207,4
208,4
209,3
210,4
211,4
212,4
213,4
214,4
215,4
216,4
217,4
218,5
219,4
220,4
221,4
222,4
223,3
224,4
225,3
226,3
227,3
228,4
229,4
230,4
231,3
232,2
233,3
234,4
235,4
236,3
237,4
238,4
239,4
240,4
241,4
242,4
243,3
244,3
245,4
246,4
247,4
248,4
249,4
250,3
251,4
252,3
253,4
254,3
255,4
256,3
257,4
258,3
259,3
260,4
261,3
262,4
263,4
264,4
265,4
266,4
267,5
268,4
269,4
270,4
271,4
272,3
273,4
274,4
275,3
276,3
277,3
278,4
279,3
280,3
281,4
282,4
283,4
284,4
285,4
286,3
287,3
288,3
289,3
290,3
291,4
292,4
293,4
294,4
295,5
296,4
297,4
298,4
299,4
300,3
301,4
302,4
303,4
304,3
305,3
306,3
307,4
308,5
309,4
310,3
311,3
312,4
313,3
314,4
315,4
316,3
317,4
318,3
319,4
320,4
321,3
322,3
323,4
324,4
325,4
326,3
327,3
328,3
329,4
330,4
331,3
332,4
333,4
334,4
335,4
336,3
337,4
338,4
339,4
340,4
341,4
342,4
343,4
344,4
345,4
346,4
347,3
348,4
349,4
350,4
351,4
352,3
353,4
354,4
355,4
356,4
357,4
358,4
359,4
360,4
361,4
362,4
363,4
364,3
365,4
366,4
367,4
368,4
369,3
370,4
371,4
372,4
373,4
374,3
375,5
376,4
377,4
378,4
379,3
380,4
381,4
382,4
383,4
384,4
385,4
386,4
387,3
388,4
389,4
390,5
391,4
392,4
393,4
394,3
395,4
396,4
397,3
398,4
399,4
400,3
401,3
402,4
403,4
404,4
405,4
406,4
407,4
408,4
409,4
410,4
411,3
412,4
413,4
414,4
415,4
416,3
417,3
418,3
419,4
420,4
421,4
422,4
423,4
424,4
425,4
426,4
427,3
428,4
429,4
430,4
431,3
432,4
433,4
434,4
435,4
436,4
437,4
438,3
439,4
440,4
441,4
442,3
443,4
444,4
445,4
446,4
447,4
448,4
449,4
450,4
451,4
452,3
453,3
454,4
455,3
456,3
457,4
458,4
459,4
460,4
461,4
462,4
463,4
464,4
465,3
466,4
467,3
468,4
469,4
470,4
471,3
472,3
473,4
474,5
475,4
476,4
477,4
478,4
479,4
480,3
481,4
482,4
483,4
484,4
485,3
486,3
487,3
488,4
489,5
490,5
491,4
492,4
493,3
494,3
495,3
496,4
497,4
498,3
499,3
500,3
501,3
502,4
503,5
504,3
505,4
506,3
507,4
508,3
509,4
510,4
511,5
512,3
513,4
514,3
515,3
516,3
517,4
518,4
519,4
520,4
521,3
522,4
523,4
524,3
525,4
526,4
527,3
528,2
529,4
530,3
531,3
532,4
533,4
534,4
535,3
536,4
537,5
538,4
539,4
540,3
541,4
542,5
543,4
544,4
545,3
546,3
547,3
548,4
549,3
550,3
551,4
552,4
553,4
554,4
555,4
556,4
557,3
558,4
559,4
560,3
561,4
562,4
563,4
564,3
565,3
566,4
567,4
568,4
569,4
570,4
571,4
572,4
573,4
574,4
575,4
576,4
577,4
578,4
579,4
580,4
581,4
582,5
583,4
584,4
585,3
586,3
587,4
588,4
589,4
590,4
591,3
592,4
593,4
594,3
595,3
596,4
597,3
598,4
599,4
600,3
601,4
602,4
603,4
604,3
605,3
606,4
607,4
608,4
609,3
610,4
611,4
612,3
613,4
614,4
615,3
616,4
617,4
618,4
619,4
620,4
621,4
622,3
623,4
624,3
625,4
626,4
627,4
628,3
629,4
630,4
631,4
632,4
633,3
634,4
635,3
636,4
637,4
638,3
639,3
640,3
641,4
642,4
643,3
644,4
645,4
646,3
647,4
648,4
649,4
650,4
651,4
652,4
653,4
654,4
655,4
656,4
657,3
658,4
659,3
660,4
661,3
662,3
663,4
664,4
665,5
666,4
667,4
668,4
669,4
670,4
671,5
672,4
673,4
674,5
675,4
676,4
677,4
678,4
679,4
680,3
681,4
682,4
683,4
684,4
685,4
686,4
687,4
688,3
689,4
690,4
691,3
692,3
693,4
694,3
695,3
696,3
697,4
698,3
699,4
700,4
701,4
702,4
703,4
704,3
705,4
706,4
707,3
708,4
709,4
710,4
711,4
712,3
713,3
714,4
715,4
716,4
717,4
718,3
719,4
720,3
721,4
722,4
723,3
724,3
725,4
726,4
727,4
728,4
729,4
730,3
731,4
732,3
733,4
734,4
735,4
736,4
737,4
738,4
739,4
740,4
741,4
742,4
743,4
744,3
745,3
746,4
747,4
748,4
749,4
750,3
751,4
752,4
753,4
754,4
755,4
756,4
757,4
758,3
759,3
760,3
761,4
762,4
763,3
764,4
765,3
766,4
767,4
768,4
769,4
770,2
771,4
772,4
773,4
774,3
775,4
776,4
777,4
778,4
779,3
780,4
781,4
782,4
783,3
784,4
785,3
786,5
787,4
788,4
789,3
790,4
791,3
792,4
793,3
794,4
795,4
796,3
797,4
798,4
799,4
800,3
801,4
802,3
803,4
804,4
805,3
806,4
807,4
808,4
809,4
810,3
811,5
812,4
813,4
814,4
815,5
816,4
817,4
818,4
819,4
820,4
821,3
822,4
823,4
824,4
825,4
826,4
827,3
828,4
829,4
830,3
831,3
832,4
833,4
834,4
835,4
836,3
837,4
838,4
839,4
840,4
841,4
842,3
843,4
844,3
845,4
846,4
847,3
848,4
849,3
850,4
851,3
852,4
853,4
854,3
855,4
856,3
857,3
858,3
859,4
860,4
861,4
862,4
863,4
864,4
865,4
866,4
867,4
868,3
869,4
870,3
871,4
872,4
873,4
874,4
875,4
876,4
877,4
878,4
879,4
880,3
881,4
882,4
883,4
884,4
885,4
886,3
887,4
888,3
889,4
890,4
891,3
892,4
893,4
894,4
895,4
896,4
897,3
898,4
899,3
900,4
901,4
902,4
903,4
904,3
905,4
906,4
907,4
908,4
909,3
910,3
911,4
912,4
913,4
914,4
915,4
916,3
917,3
918,4
919,4
920,4
921,4
922,4
923,4
924,4
925,3
926,4
927,4
928,5
929,4
930,4
931,3
932,4
933,4
934,4
935,4
936,4
937,4
938,3
939,3
940,4
941,4
942,3
943,4
944,3
945,3
946,4
947,4
948,4
949,4
950,4
951,4
952,4
953,4
954,4
955,4
956,3
957,4
958,4
959,4
960,4
961,3
962,3
963,4
964,4
965,4
966,4
967,4
968,4
969,4
970,5
971,4
972,3
973,4
974,4
975,4
976,3
977,4
978,4
979,4
980,3
981,3
982,4
983,4
984,4
985,4
986,4
987,4
988,4
989,4
990,3
991,4
992,4
993,4
994,4
995,4
996,4
997,5
998,4
999,4
1000,3
1001,3
1002,4
1003,4
1004,4
1005,4
1006,4
1007,4
1008,4
1009,5
1010,4
1011,3
1012,4
1013,4
1014,4
1015,4
1016,4
1017,4
1018,4
1019,4
1020,3
1021,4
1022,4
1023,4
1024,4
1025,3
1026,4
1027,3
1028,4
1029,4
1030,4
1031,4
1032,4
1033,4
1034,3
1035,3
1036,4
1037,4
1038,3
1039,4
1040,4
1041,4
1042,4
1043,3
1044,4
1045,4
1046,3
1047,4
1048,4
1049,4
1050,4
1051,4
1052,3
1053,4
1054,4
1055,4
1056,3
1057,3
1058,4
1059,3
1060,4
1061,3
1062,4
1063,3
1064,3
1065,3
1066,4
1067,4
1068,4
1069,3
1070,3
1071,4
1072,4
1073,4
1074,4
1075,4
1076,3
1077,4
1078,4
1079,4
1080,4
1081,4
1082,4
1083,4
1084,3
1085,3
1086,4
1087,4
1088,4
1089,3
1090,3
1091,4
1092,4
1093,4
1094,4
1095,3
1096,4
1097,4
1098,4
1099,4
1100,4
1101,3
1102,3
1103,3
1104,4
1105,3
1106,5
1107,4
1108,4
1109,4
1110,3
1111,4
1112,4
1113,3
1114,4
1115,3
1116,4
1117,4
1118,4
1119,3
1120,4
1121,4
1122,3
1123,3
1124,4
1125,4
1126,3
1127,3
1128,4
1129,4
1130,4
1131,4
1132,3
1133,4
1134,4
1135,3
1136,3
1137,4
1138,4
1139,4
1140,4
1141,4
1142,4
1143,4
1144,4
1145,4
1146,4
1147,4
1148,3
1149,3
1150,3
1151,3
1152,3
1153,4
1154,4
1155,4
1156,4
1157,4
1158,3
1159,3
1160,4
1161,4
1162,4
1163,3
1164,4
1165,4
1166,4
1167,4
1168,4
1169,3
1170,4
1171,3
1172,4
1173,4
1174,4
1175,4
1176,4
1177,4
1178,3
1179,4
1180,3
1181,4
1182,4
1183,4
1184,4
1185,4
1186,4
1187,3
1188,4
1189,4
1190,4
1191,4
1192,3
1193,4
1194,3
1195,5
1196,3
1197,5
1198,4
1199,4
1200,3
1201,4
1202,4
1203,3
1204,4
1205,3
1206,4
1207,4
1208,4
1209,4
1210,4
1211,4
1212,3
1213,4
1214,3
1215,3
1216,4
1217,4
1218,4
1219,4
1220,4
1221,4
1222,4
1223,4
1224,3
1225,4
1226,3
1227,4
1228,4
1229,4
1230,4
1231,4
1232,4
1233,4
1234,4
1235,4
1236,3
1237,3
1238,4
1239,4
1240,4
1241,5
1242,3
1243,4
1244,4
1245,4
1246,4
1247,4
1248,4
1249,4
1250,4
1251,3
1252,3
1253,4
1254,4
1255,4
1256,4
1257,4
1258,4
1259,4
1260,4
1261,4
1262,4
1263,4
1264,4
1265,3
1266,4
1267,4
1268,4
1269,4
1270,4
1271,3
1272,4
1273,3
1274,3
1275,4
1276,3
1277,4
1278,4
1279,4
1280,4
1281,4
1282,4
1283,3
1284,4
1285,4
1286,4
1287,4
1288,4
1289,3
1290,4
1291,4
1292,3
1293,4
1294,4
1295,4
1296,4
1297,4
1298,4
1299,3
1300,4
1301,4
1302,4
1303,4
1304,4
1305,4
1306,3
1307,4
1308,4
1309,4
1310,4
1311,4
1312,4
1313,3
1314,3
1315,4
1316,3
1317,4
1318,3
1319,4
1320,4
1321,4
1322,4
1323,4
1324,4
1325,3
1326,4
1327,4
1328,4
1329,3
1330,4
1331,4
1332,4
1333,3
1334,4
1335,4
1336,4
1337,4
1338,4
1339,4
1340,4
1341,4
1342,4
1343,4
1344,4
1345,4
1346,4
1347,4
1348,4
1349,4
1350,3
1351,4
1352,3
1353,4
1354,4
1355,3
1356,3
1357,3
1358,4
1359,4
1360,3
1361,4
1362,4
1363,5
1364,4
1365,4
1366,3
1367,4
1368,4
1369,4
1370,4
1371,4
1372,4
1373,4
1374,4
1375,4
1376,4
1377,4
1378,3
1379,4
1380,4
1381,3
1382,5
1383,4
1384,4
1385,4
1386,4
1387,4
1388,4
1389,3
1390,4
1391,4
1392,3
1393,4
1394,4
1395,4
1396,4
1397,4
1398,4
1399,4
1400,3
1401,4
1402,4
1403,3
1404,4
1405,3
1406,4
1407,3
1408,4
1409,4
1410,4
1411,4
1412,3
1413,4
1414,4
1415,4
1416,3
1417,3
1418,4
1419,3
1420,3
1421,4
1422,3
1423,4
1424,4
1425,3
1426,4
1427,3
1428,3
1429,4
1430,4
1431,3
1432,4
1433,3
1434,4
1435,4
1436,4
1437,4
1438,3
1439,4
1440,4
1441,4
1442,4
1443,4
1444,3
1445,3
1446,4
1447,4
1448,4
1449,4
1450,3
1451,3
1452,3
1453,4
1454,4
1455,3
1456,4
1457,4
1458,3
1459,4
1460,4
1461,4
1462,4
1463,4
1464,4
1465,4
1466,4
1467,4
1468,4
1469,3
1470,3
1471,4
1472,4
1473,3
1474,4
1475,3
1476,3
1477,4
1478,3
1479,4
1480,3
1481,4
1482,4
1483,4
1484,3
1485,4
1486,4
1487,4
1488,4
1489,4
1490,3
1491,3
1492,4
1493,4
1494,4
1495,4
1496,4
1497,4
1498,3
1499,5
1500,3
1501,4
1502,4
1503,3
1504,4
1505,4
1506,4
1507,4
1508,4
1509,3
1510,4
1511,4
1512,4
1513,4
1514,3
1515,4
1516,4
1517,4
1518,4
1519,3
1520,4
1521,4
1522,4
1523,4
1524,4
1525,4
1526,4
1527,4
1528,4
1529,3
1530,4
1531,4
1532,3
1533,4
1534,3
1535,4
1536,4
1537,4
1538,4
1539,4
1540,3
1541,4
1542,4
1543,4
1544,4
1545,4
1546,4
1547,4
1548,4
1549,3
1550,4
1551,4
1552,4
1553,4
1554,5
1555,4
1556,4
1557,4
1558,4
1559,4
1560,3
1561,4
1562,4
1563,4
1564,4
1565,3
1566,3
1567,3
1568,4
1569,3
1570,4
1571,4
1572,4
1573,4
1574,3
1575,4
1576,5
1577,4
1578,4
1579,4
1580,4
1581,4
1582,4
1583,4
1584,4
1585,4
1586,4
1587,3
1588,4
1589,3
1590,4
1591,4
1592,4
1593,4
1594,4
1595,3
1596,4
1597,3
1598,3
1599,4
1600,4
1601,4
1602,4
1603,4
1604,5
1605,4
1606,4
1607,4
1608,4
1609,4
1610,4
1611,4
1612,4
1613,3
1614,4
1615,4
1616,4
1617,3
1618,3
1619,3
1620,4
1621,4
1622,3
1623,4
1624,4
1625,4
1626,4
1627,3
1628,4
1629,3
1630,4
1631,3
1632,4
1633,4
1634,3
1635,4
1636,4
1637,4
1638,4
1639,4
1640,3
1641,4
1642,4
1643,3
1644,4
1645,4
1646,4
1647,4
1648,4
1649,4
1650,4
1651,4
1652,4
1653,3
1654,4
1655,4
1656,4
1657,4
1658,4
1659,3
1660,3
1661,4
1662,3
1663,3
1664,4
1665,3
1666,4
1667,4
1668,4
1669,4
1670,4
1671,4
1672,4
1673,3
1674,4
1675,3
1676,4
1677,4
1678,4
1679,4
1680,4
1681,4
1682,4
1683,4
1684,4
1685,4
1686,4
1687,5
1688,4
1689,4
1690,4
1691,4
1692,4
1693,3
1694,4
1695,4
1696,4
1697,4
1698,4
1699,4
1700,4
1701,4
1702,4
1703,3
1704,3
1705,3
1706,4
1707,4
1708,3
1709,3
1710,4
1711,3
1712,4
1713,4
1714,4
1715,4
1716,3
1717,4
1718,3
1719,4
1720,4
1721,4
1722,4
1723,4
1724,3
1725,4
1726,3
1727,4
1728,4
1729,4
1730,4
1731,4
1732,3
1733,3
1734,3
1735,3
1736,4
1737,3
1738,4
1739,4
1740,4
1741,3
1742,4
1743,4
1744,3
1745,4
1746,4
1747,4
1748,3
1749,4
1750,3
1751,4
1752,3
1753,4
1754,4
1755,4
1756,4
1757,4
1758,3
1759,3
1760,4
1761,3
1762,4
1763,4
1764,4
1765,3
1766,4
1767,4
1768,3
1769,4
1770,3
1771,3
1772,4
1773,4
1774,4
1775,3
1776,4
1777,4
1778,4
1779,4
1780,4
1781,4
1782,3
1783,4
1784,4
1785,4
1786,4
1787,4
1788,3
1789,4
1790,3
1791,4
1792,4
1793,4
1794,4
1795,4
1796,3
1797,4
1798,4
1799,4
1800,4
1801,4
1802,3
1803,4
1804,4
1805,3
1806,3
1807,4
1808,4
1809,4
1810,4
1811,4
1812,4
1813,3
1814,4
1815,4
1816,4
1817,4
1818,4
1819,3
1820,3
1821,4
1822,4
1823,4
1824,4
1825,5
1826,4
1827,4
1828,4
1829,3
1830,3
1831,4
1832,4
1833,3
1834,4
1835,4
1836,4
1837,4
1838,4
1839,4
1840,4
1841,4
1842,4
1843,3
1844,3
1845,3
1846,4
1847,4
1848,3
1849,4
1850,3
1851,4
1852,4
1853,4
1854,3
1855,3
1856,4
1857,3
1858,4
1859,3
1860,4
1861,4
1862,4
1863,4
1864,4
1865,4
1866,4
1867,4
1868,4
1869,4
1870,4
1871,3
1872,4
1873,3
1874,4
1875,4
1876,4
1877,4
1878,3
1879,4
1880,4
1881,3
1882,4
1883,4
1884,3
1885,4
1886,4
1887,4
1888,5
1889,3
1890,4
1891,4
1892,4
1893,4
1894,4
1895,3
1896,4
1897,3
1898,3
1899,4
1900,4
1901,3
1902,4
1903,3
1904,4
1905,4
1906,4
1907,4
1908,3
1909,3
1910,4
1911,4
1912,4
1913,4
1914,5
1915,3
1916,4
1917,3
1918,3
1919,4
1920,4
1921,3
1922,4
1923,4
1924,3
1925,4
1926,3
1927,4
1928,4
1929,4
1930,3
1931,4
1932,4
1933,4
1934,3
1935,3
1936,3
1937,3
1938,4
1939,5
1940,4
1941,3
1942,3
1943,4
1944,4
1945,4
1946,3
1947,4
1948,4
1949,4
1950,4
1951,4
1952,3
1953,4
1954,3
1955,3
1956,3
1957,4
1958,4
1959,4
1960,4
1961,3
1962,4
1963,3
1964,4
1965,4
1966,4
1967,3
1968,3
1969,4
1970,4
1971,4
1972,4
1973,4
1974,4
1975,4
1976,4
1977,4
1978,4
1979,4
1980,4
1981,4
1982,4
1983,4
1984,4
1985,4
1986,4
1987,4
1988,3
1989,4
1990,3
1991,4
1992,4
1993,4
1994,4
1995,4
1996,4
1997,4
1998,3
1999,4
2000,4
2001,4
2002,4
2003,4
2004,4
2005,4
2006,3
2007,3
2008,4
2009,4
2010,5
2011,4
2012,4
2013,4
2014,4
2015,4
2016,3
2017,4
2018,4
2019,4
2020,3
2021,3
2022,4
2023,4
2024,4
2025,3
2026,4
2027,3
2028,4
2029,3
2030,4
2031,4
2032,4
2033,4
2034,3
2035,4
2036,3
2037,4
2038,3
2039,3
2040,4
2041,4
2042,4
2043,4
2044,4
2045,4
2046,4
2047,4
2048,4
2049,4
2050,4
2051,4
2052,3
2053,4
2054,4
2055,4
2056,4
2057,3
2058,3
2059,4
2060,4
2061,4
2062,4
2063,3
2064,4
2065,4
2066,4
2067,4
2068,4
2069,4
2070,4
2071,3
2072,4
2073,4
2074,3
2075,4
2076,4
2077,4
2078,3
2079,4
2080,4
2081,3
2082,3
2083,3
2084,4
2085,3
2086,4
2087,4
2088,3
2089,4
2090,4
2091,4
2092,4
2093,3
2094,3
2095,3
2096,4
2097,4
2098,3
2099,4
2100,3
2101,4
2102,4
2103,4
2104,4
2105,4
2106,3
2107,4
2108,4
2109,3
2110,3
2111,4
2112,3
2113,4
2114,4
2115,3
2116,4
2117,3
2118,4
2119,4
2120,4
2121,2
2122,3
2123,4
2124,4
2125,5
2126,4
2127,4
2128,4
2129,3
2130,3
2131,3
2132,4
2133,3
2134,4
2135,4
2136,4
2137,4
2138,3
2139,3
2140,4
2141,3
2142,4
2143,4
2144,4
2145,3
2146,4
2147,4
2148,4
2149,4
2150,3
2151,4
2152,4
2153,3
2154,4
2155,4
2156,4
2157,4
2158,4
2159,4
2160,4
2161,4
2162,4
2163,4
2164,4
2165,4
2166,3
2167,4
2168,4
2169,4
2170,4
2171,4
2172,4
2173,3
2174,3
2175,3
2176,4
2177,4
2178,3
2179,4
2180,4
2181,4
2182,3
2183,3
2184,4
2185,4
2186,3
2187,4
2188,4
2189,4
2190,4
2191,4
2192,3
2193,3
2194,4
2195,4
2196,4
2197,4
2198,4
2199,4
2200,3
2201,4
2202,4
2203,4
2204,4
2205,4
2206,3
2207,4
2208,4
2209,4
2210,3
2211,3
2212,3
2213,4
2214,4
2215,4
2216,4
2217,4
2218,4
2219,4
2220,4
2221,4
2222,3
2223,4
2224,4
2225,4
2226,3
2227,4
2228,4
2229,4
2230,5
2231,4
2232,4
2233,3
2234,4
2235,3
2236,4
2237,4
2238,4
2239,4
2240,4
2241,4
2242,3
2243,3
2244,4
2245,4
2246,4
2247,4
2248,4
2249,4
2250,3
2251,4
2252,4
2253,4
2254,3
2255,3
2256,4
2257,4
2258,4
2259,4
2260,3
2261,4
2262,4
2263,4
2264,4
2265,3
2266,3
2267,4
2268,3
2269,4
2270,4
2271,4
2272,4
2273,4
2274,3
2275,4
2276,4
2277,4
2278,3
2279,4
2280,4
2281,4
2282,3
2283,4
2284,4
2285,4
2286,3
2287,4
2288,4
2289,4
2290,4
2291,3
2292,3
2293,4
2294,4
2295,2
2296,3
2297,4
2298,4
2299,3
2300,4
2301,4
2302,3
2303,4
2304,4
2305,4
2306,4
2307,4
2308,3
2309,4
2310,4
2311,4
2312,3
2313,4
2314,4
2315,4
2316,4
2317,4
2318,4
2319,4
2320,4
2321,4
2322,3
2323,4
2324,4
2325,3
2326,4
2327,3
2328,4
2329,4
2330,3
2331,4
2332,4
2333,4
2334,3
2335,4
2336,3
2337,4
2338,3
2339,4
2340,4
2341,4
2342,4
2343,3
2344,4
2345,4
2346,4
2347,3
2348,4
2349,4
2350,4
2351,3
2352,4
2353,4
2354,4
2355,3
2356,4
2357,4
2358,3
2359,4
2360,4
2361,3
2362,4
2363,4
2364,4
2365,3
2366,4
2367,4
2368,4
2369,4
2370,4
2371,3
2372,4
2373,4
2374,4
2375,4
2376,3
2377,2
2378,3
2379,3
2380,3
2381,4
2382,3
2383,3
2384,3
2385,3
2386,5
2387,4
2388,4
2389,4
2390,4
2391,4
2392,4
2393,4
2394,4
2395,4
2396,3
2397,3
2398,4
2399,4
2400,4
2401,3
2402,3
2403,2
2404,4
2405,4
2406,4
2407,3
2408,4
2409,4
2410,3
2411,4
2412,3
2413,4
2414,3
2415,4
2416,4
2417,4
2418,4
2419,4
2420,3
2421,3
2422,4
2423,4
2424,4
2425,4
2426,3
2427,4
2428,4
2429,3
2430,4
2431,4
2432,4
2433,5
2434,3
2435,4
2436,4
2437,4
2438,4
2439,4
2440,4
2441,3
2442,4
2443,4
2444,4
2445,4
2446,3
2447,3
2448,4
2449,4
2450,4
2451,4
2452,3
2453,4
2454,4
2455,3
2456,4
2457,3
2458,4
2459,4
2460,3
2461,4
2462,4
2463,4
2464,4
2465,4
2466,3
2467,4
2468,3
2469,4
2470,4
2471,4
2472,4
2473,3
2474,4
2475,4
2476,3
2477,4
2478,4
2479,4
2480,4
2481,4
2482,4
2483,3
2484,4
2485,4
2486,4
2487,4
2488,3
2489,4
2490,4
2491,4
2492,3
2493,3
2494,4
2495,4
2496,3
2497,3
2498,3
2499,4
2500,4
2501,3
2502,5
2503,4
2504,3
2505,3
2506,3
2507,4
2508,4
2509,4
2510,4
2511,4
2512,4
2513,4
2514,4
2515,4
2516,4
2517,4
2518,4
2519,4
2520,4
2521,3
2522,3
2523,4
2524,4
2525,4
2526,4
2527,5
2528,4
2529,4
2530,4
2531,5
2532,3
2533,4
2534,4
2535,4
2536,4
2537,4
2538,4
2539,3
2540,3
2541,4
2542,4
2543,4
2544,4
2545,3
2546,4
2547,4
2548,4
2549,4
2550,5
2551,3
2552,4
2553,3
2554,3
2555,4
2556,4
2557,4
2558,3
2559,3
2560,3
2561,4
2562,3
2563,3
2564,4
2565,4
2566,4
2567,4
2568,4
2569,4
2570,3
2571,5
2572,4
2573,4
2574,4
2575,4
2576,4
2577,3
2578,4
2579,4
2580,3
2581,3
2582,3
2583,3
2584,4
2585,4
2586,3
2587,4
2588,4
2589,4
2590,4
2591,3
2592,4
2593,4
2594,4
2595,4
2596,4
2597,4
2598,4
2599,3
2600,5
2601,4
2602,4
2603,4
2604,3
2605,4
2606,4
2607,4
2608,5
2609,4
2610,4
2611,4
2612,4
2613,3
2614,4
2615,4
2616,4
2617,4
2618,4
2619,4
2620,4
2621,4
2622,3
2623,4
2624,4
2625,4
2626,4
2627,3
2628,4
2629,4
2630,4
2631,4
2632,4
2633,4
2634,4
2635,3
2636,4
2637,4
2638,3
2639,4
2640,4
2641,3
2642,4
2643,4
2644,3
2645,4
2646,4
2647,3
2648,3
2649,3
2650,4
2651,4
2652,4
2653,3
2654,4
2655,4
2656,4
2657,4
2658,3
2659,3
2660,4
2661,4
2662,4
2663,4
2664,4
2665,4
2666,4
2667,4
2668,4
2669,4
2670,4
2671,3
2672,5
2673,4
2674,4
2675,3
2676,4
2677,4
2678,3
2679,4
2680,4
2681,3
2682,4
2683,3
2684,4
2685,4
2686,4
2687,3
2688,4
2689,4
2690,4
2691,4
2692,3
2693,4
2694,4
2695,3
2696,3
2697,3
2698,3
2699,3
2700,4
2701,3
2702,4
2703,4
2704,4
2705,4
2706,4
2707,3
2708,4
2709,4
2710,3
2711,3
2712,4
2713,3
2714,4
2715,3
2716,4
2717,4
2718,3
2719,4
2720,4
2721,4
2722,4
2723,4
2724,4
2725,3
2726,4
2727,4
2728,4
2729,3
2730,3
2731,4
2732,3
2733,4
2734,3
2735,3
2736,3
2737,4
2738,4
2739,4
2740,4
2741,4
2742,4
2743,4
2744,4
2745,4
2746,3
2747,4
2748,4
2749,4
2750,4
2751,3
2752,4
2753,4
2754,4
2755,4
2756,4
2757,4
2758,3
2759,4
2760,4
2761,4
2762,4
2763,4
2764,3
2765,4
2766,4
2767,3
2768,4
2769,4
2770,3
2771,3
2772,4
2773,4
2774,3
2775,4
2776,4
2777,3
2778,4
2779,3
2780,3
2781,3
2782,3
2783,3
2784,4
2785,4
2786,4
2787,4
2788,3
2789,4
2790,4
2791,4
2792,4
2793,4
2794,3
2795,4
2796,3
2797,3
2798,4
2799,4
2800,3
2801,4
2802,4
2803,4
2804,4
2805,3
2806,4
2807,4
2808,3
2809,3
2810,4
2811,3
2812,4
2813,4
2814,4
2815,4
2816,3
2817,4
2818,3
2819,3
2820,4
2821,4
2822,3
2823,4
2824,4
2825,4
2826,4
2827,4
2828,3
2829,3
2830,3
2831,3
2832,3
2833,4
2834,3
2835,4
2836,3
2837,3
2838,4
2839,4
2840,4
2841,4
2842,4
2843,4
2844,4
2845,4
2846,4
2847,4
2848,4
2849,3
2850,4
2851,3
2852,4
2853,3
2854,4
2855,4
2856,4
2857,4
2858,4
2859,4
2860,3
2861,3
2862,4
2863,4
2864,4
2865,4
2866,4
2867,4
2868,4
2869,4
2870,4
2871,4
2872,4
2873,4
2874,3
2875,4
2876,4
2877,3
2878,4
2879,4
2880,4
2881,3
2882,4
2883,3
2884,3
2885,3
2886,4
2887,4
2888,4
2889,3
2890,4
2891,3
2892,3
2893,4
2894,3
2895,3
2896,4
2897,4
2898,4
2899,4
2900,4
2901,4
2902,4
2903,4
2904,4
2905,3
2906,4
2907,4
2908,4
2909,3
2910,3
2911,4
2912,3
2913,4
2914,4
2915,4
2916,4
2917,4
2918,4
2919,4
2920,3
2921,4
2922,4
2923,4
2924,4
2925,4
2926,3
2927,3
2928,4
2929,3
2930,3
2931,4
2932,4
2933,3
2934,3
2935,4
2936,4
2937,4
2938,4
2939,3
2940,4
2941,4
2942,4
2943,4
2944,4
2945,4
2946,4
2947,3
2948,4
2949,4
2950,3
2951,3
2952,4
2953,3
2954,3
2955,4
2956,4
2957,3
2958,4
2959,3
2960,4
2961,3
2962,4
2963,3
2964,4
2965,3
2966,3
2967,3
2968,4
2969,4
2970,4
2971,4
2972,4
2973,3
2974,4
2975,4
2976,3
2977,4
2978,4
2979,3
2980,4
2981,3
2982,4
2983,4
2984,4
2985,4
2986,4
2987,4
2988,4
2989,3
2990,4
2991,4
2992,3
2993,4
2994,4
2995,4
2996,4
2997,4
2998,3
2999,4
3000,4
3001,4
3002,4
3003,4
3004,4
3005,4
3006,4
3007,3
3008,4
3009,4
3010,3
3011,4
3012,4
3013,4
3014,4
3015,4
3016,3
3017,3
3018,3
3019,4
3020,4
3021,4
3022,4
3023,4
3024,4
3025,4
3026,4
3027,3
3028,3
3029,4
3030,3
3031,4
3032,4
3033,3
3034,4
3035,4
3036,3
3037,3
3038,4
3039,4
3040,4
3041,4
3042,4
3043,5
3044,4
3045,4
3046,4
3047,3
3048,4
3049,4
3050,4
3051,4
3052,3
3053,5
3054,4
3055,4
3056,4
3057,4
3058,4
3059,3
3060,4
3061,4
3062,4
3063,4
3064,4
3065,4
3066,4
3067,3
3068,4
3069,3
3070,4
3071,4
3072,3
3073,4
3074,4
3075,3
3076,3
3077,4
3078,4
3079,4
3080,4
3081,4
3082,3
3083,4
3084,3
3085,4
3086,4
3087,4
3088,3
3089,4
3090,4
3091,4
3092,4
3093,3
3094,4
3095,3
3096,4
3097,4
3098,4
3099,4
3100,4
3101,4
3102,4
3103,4
3104,4
3105,4
3106,3
3107,4
3108,4
3109,4
3110,4
3111,4
3112,3
3113,4
3114,4
3115,3
3116,4
3117,3
3118,3
3119,4
3120,3
3121,4
3122,3
3123,4
3124,4
3125,4
3126,4
3127,4
3128,4
3129,4
3130,3
3131,4
3132,4
3133,4
3134,4
3135,4
3136,4
3137,3
3138,4
3139,3
3140,4
3141,4
3142,4
3143,4
3144,4
3145,4
3146,4
3147,4
3148,4
3149,3
3150,3
3151,4
3152,4
3153,4
3154,4
3155,4
3156,3
3157,3
3158,4
3159,3
3160,4
3161,4
3162,3
3163,5
3164,4
3165,4
3166,4
3167,4
3168,3
3169,4
3170,4
3171,4
3172,4
3173,2
3174,3
3175,4
3176,4
3177,3
3178,4
3179,3
3180,4
3181,3
3182,4
3183,3
3184,4
3185,4
3186,3
3187,4
3188,4
3189,3
3190,4
3191,4
3192,4
3193,4
3194,4
3195,4
3196,4
3197,4
3198,3
3199,4
3200,4
3201,4
3202,3
3203,4
3204,4
3205,3
3206,4
3207,4
3208,4
3209,4
3210,4
3211,3
3212,4
3213,3
3214,4
3215,3
3216,4
3217,3
3218,3
3219,4
3220,4
3221,4
3222,4
3223,3
3224,3
3225,4
3226,4
3227,4
3228,5
3229,4
3230,4
3231,4
3232,3
3233,3
3234,4
3235,4
3236,4
3237,4
3238,4
3239,3
3240,3
3241,3
3242,4
3243,3
3244,4
3245,3
3246,4
3247,4
3248,4
3249,3
3250,4
3251,4
3252,4
3253,3
3254,4
3255,4
3256,4
3257,4
3258,4
3259,3
3260,4
3261,4
3262,3
3263,4
3264,4
3265,4
3266,4
3267,4
3268,4
3269,4
3270,4
3271,4
3272,4
3273,4
3274,3
3275,3
3276,4
3277,4
3278,4
3279,3
3280,3
3281,4
3282,4
3283,3
3284,4
3285,4
3286,4
3287,4
3288,4
3289,4
3290,3
3291,3
3292,4
3293,4
3294,4
3295,4
3296,3
3297,4
3298,4
3299,4
3300,4
3301,4
3302,4
3303,4
3304,3
3305,4
3306,4
3307,4
3308,4
3309,4
3310,3
3311,4
3312,3
3313,4
3314,3
3315,4
3316,4
3317,4
3318,3
3319,4
3320,4
3321,4
3322,4
3323,4
3324,3
3325,3
3326,4
3327,3
3328,3
3329,4
3330,4
3331,3
3332,3
3333,4
3334,4
3335,4
3336,4
3337,3
3338,4
3339,4
3340,4
3341,4
3342,4
3343,3
3344,4
3345,4
3346,4
3347,3
3348,4
3349,4
3350,4
3351,3
3352,4
3353,4
3354,4
3355,3
3356,4
3357,3
3358,4
3359,3
3360,3
3361,5
3362,4
3363,3
3364,4
3365,4
3366,4
3367,4
3368,4
3369,4
3370,4
3371,4
3372,4
3373,4
3374,5
3375,3
3376,4
3377,4
3378,4
3379,4
3380,4
3381,3
3382,3
3383,3
3384,4
3385,4
3386,4
3387,4
3388,3
3389,4
3390,5
3391,4
3392,4
3393,4
3394,4
3395,4
3396,4
3397,4
3398,3
3399,4
3400,4
3401,4
3402,3
3403,4
3404,3
3405,4
3406,4
3407,4
3408,3
3409,4
3410,4
3411,4
3412,4
3413,4
3414,4
3415,4
3416,3
3417,3
3418,4
3419,4
3420,4
3421,3
3422,4
3423,4
3424,4
3425,3
3426,3
3427,4
3428,4
3429,4
3430,4
3431,4
3432,3
3433,4
3434,4
3435,3
3436,4
3437,4
3438,4
3439,2
3440,4
3441,4
3442,3
3443,4
3444,3
3445,3
3446,4
3447,3
3448,4
3449,4
3450,4
3451,4
3452,4
3453,4
3454,3
3455,3
3456,4
3457,4
3458,4
3459,3
3460,5
3461,4
3462,4
3463,4
3464,4
3465,4
3466,3
3467,4
3468,4
3469,4
3470,4
3471,4
3472,4
3473,4
3474,4
3475,3
3476,3
3477,4
3478,4
3479,4
3480,3
3481,4
3482,3
3483,4
3484,4
3485,4
3486,4
3487,4
3488,3
3489,4
3490,4
3491,4
3492,4
3493,3
3494,3
3495,4
3496,3
3497,3
3498,3
3499,4
3500,3
3501,3
3502,4
3503,4
3504,5
3505,4
3506,4
3507,4
3508,4
3509,4
3510,4
3511,4
3512,4
3513,4
3514,3
3515,4
3516,4
3517,4
3518,4
3519,4
3520,5
3521,4
3522,4
3523,4
3524,4
3525,4
3526,3
3527,4
3528,4
3529,4
3530,4
3531,4
3532,4
3533,4
3534,4
3535,5
3536,4
3537,4
3538,3
3539,3
3540,4
3541,4
3542,3
3543,3
3544,3
3545,4
3546,4
3547,4
3548,3
3549,4
3550,4
3551,4
3552,4
3553,3
3554,4
3555,4
3556,4
3557,4
3558,3
3559,4
3560,4
3561,4
3562,4
3563,4
3564,4
3565,4
3566,3
3567,3
3568,3
3569,3
3570,4
3571,3
3572,3
3573,3
3574,4
3575,4
3576,4
3577,3
3578,4
3579,4
3580,4
3581,3
3582,3
3583,4
3584,4
3585,4
3586,4
3587,4
3588,4
3589,4
3590,4
3591,4
3592,4
3593,4
3594,4
3595,4
3596,4
3597,4
3598,3
3599,3
3600,3
3601,4
3602,4
3603,4
3604,4
3605,5
3606,4
3607,4
3608,4
3609,3
3610,4
3611,4
3612,4
3613,4
3614,3
3615,4
3616,3
3617,3
3618,4
3619,3
3620,4
3621,4
3622,4
3623,4
3624,4
3625,3
3626,3
3627,4
3628,4
3629,4
3630,4
3631,4
3632,4
3633,3
3634,4
3635,4
3636,4
3637,4
3638,5
3639,4
3640,4
3641,4
3642,4
3643,4
3644,4
3645,4
3646,4
3647,4
3648,4
3649,4
3650,4
3651,3
3652,4
3653,4
3654,4
3655,4
3656,4
3657,4
3658,5
3659,4
3660,3
3661,4
3662,5
3663,4
3664,3
3665,4
3666,3
3667,4
3668,4
3669,4
3670,4
3671,3
3672,4
3673,4
3674,4
3675,4
3676,3
3677,4
3678,3
3679,4
3680,3
3681,4
3682,4
3683,4
3684,4
3685,4
3686,3
3687,3
3688,4
3689,4
3690,4
3691,3
3692,4
3693,4
3694,5
3695,3
3696,4
3697,3
3698,4
3699,4
3700,4
3701,4
3702,3
3703,4
3704,4
3705,4
3706,4
3707,4
3708,3
3709,3
3710,4
3711,5
3712,3
3713,4
3714,4
3715,4
3716,4
3717,4
3718,4
3719,3
3720,4
3721,4
3722,3
3723,3
3724,3
3725,4
3726,5
3727,4
3728,3
3729,4
3730,4
3731,4
3732,4
3733,4
3734,3
3735,4
3736,4
3737,4
3738,3
3739,3
3740,3
3741,3
3742,4
3743,4
3744,3
3745,4
3746,4
3747,3
3748,4
3749,3
3750,4
3751,4
3752,4
3753,3
3754,4
3755,3
3756,4
3757,3
3758,4
3759,4
3760,4
3761,3
3762,3
3763,3
3764,3
3765,4
3766,4
3767,4
3768,4
3769,3
3770,4
3771,3
3772,3
3773,4
3774,4
3775,3
3776,4
3777,4
3778,4
3779,4
3780,4
3781,3
3782,4
3783,4
3784,4
3785,4
3786,4
3787,4
3788,4
3789,3
3790,4
3791,4
3792,4
3793,3
3794,4
3795,4
3796,4
3797,4
3798,4
3799,4
3800,4
3801,4
3802,4
3803,4
3804,3
3805,4
3806,3
3807,3
3808,4
3809,3
3810,4
3811,3
3812,4
3813,3
3814,4
3815,3
3816,3
3817,3
3818,4
3819,3
3820,3
3821,4
3822,4
3823,4
3824,4
3825,4
3826,4
3827,4
3828,3
3829,4
3830,4
3831,4
3832,3
3833,4
3834,4
3835,4
3836,4
3837,4
3838,4
3839,4
3840,3
3841,3
3842,3
3843,4
3844,4
3845,3
3846,4
3847,4
3848,3
3849,4
3850,4
3851,3
3852,4
3853,4
3854,4
3855,3
3856,4
3857,4
3858,3
3859,3
3860,3
3861,3
3862,3
3863,4
3864,3
3865,4
3866,4
3867,4
3868,4
3869,3
3870,4
3871,3
3872,4
3873,4
3874,4
3875,4
3876,4
3877,3
3878,4
3879,3
3880,4
3881,4
3882,4
3883,4
3884,4
3885,4
3886,3
3887,4
3888,4
3889,3
3890,4
3891,4
3892,3
3893,4
3894,4
3895,4
3896,4
3897,4
3898,4
3899,4
3900,4
3901,4
3902,4
3903,4
3904,4
3905,3
3906,3
3907,4
3908,4
3909,4
3910,3
3911,4
3912,4
3913,4
3914,3
3915,3
3916,4
3917,5
3918,4
3919,4
3920,4
3921,4
3922,5
3923,4
3924,4
3925,3
3926,4
3927,4
3928,4
3929,4
3930,4
3931,4
3932,3
3933,3
3934,4
3935,4
3936,4
3937,4
3938,4
3939,3
3940,4
3941,4
3942,3
3943,4
3944,3
3945,4
3946,4
3947,4
3948,3
3949,4
3950,3
3951,4
3952,4
3953,3
3954,4
3955,3
3956,4
3957,4
3958,4
3959,4
3960,3
3961,3
3962,4
3963,4
3964,4
3965,4
3966,4
3967,4
3968,4
3969,4
3970,4
3971,3
3972,4
3973,4
3974,4
3975,4
3976,4
3977,4
3978,4
3979,4
3980,4
3981,4
3982,4
3983,4
3984,4
3985,4
3986,4
3987,3
3988,4
3989,3
3990,4
3991,3
3992,4
3993,4
3994,4
3995,3
3996,3
3997,4
3998,4
3999,3
4000,3
4001,5
4002,4
4003,4
4004,4
4005,4
4006,4
4007,3
4008,4
4009,3
4010,4
4011,4
4012,4
4013,3
4014,4
4015,4
4016,4
4017,2
4018,3
4019,4
4020,5
4021,4
4022,3
4023,4
4024,4
4025,4
4026,4
4027,4
4028,4
4029,3
4030,4
4031,4
4032,4
4033,3
4034,4
4035,4
4036,4
4037,4
4038,3
4039,3
4040,4
4041,4
4042,4
4043,4
4044,4
4045,3
4046,4
4047,4
4048,4
4049,4
4050,4
4051,5
4052,3
4053,4
4054,4
4055,4
4056,3
4057,4
4058,4
4059,5
4060,4
4061,3
4062,4
4063,4
4064,3
4065,4
4066,4
4067,4
4068,4
4069,5
4070,4
4071,4
4072,3
4073,4
4074,4
4075,3
4076,4
4077,3
4078,4
4079,3
4080,4
4081,4
4082,4
4083,4
4084,4
4085,4
4086,3
4087,3
4088,3
4089,4
4090,4
4091,4
4092,4
4093,3
4094,4
4095,4
4096,3
4097,4
4098,4
4099,3
4100,4
4101,4
4102,4
4103,4
4104,3
4105,4
4106,4
4107,4
4108,3
4109,4
4110,4
4111,4
4112,3
4113,4
4114,4
4115,3
4116,4
4117,3
4118,4
4119,4
4120,4
4121,4
4122,4
4123,4
4124,3
4125,4
4126,4
4127,4
4128,4
4129,4
4130,4
4131,4
4132,4
4133,3
4134,3
4135,3
4136,4
4137,3
4138,4
4139,4
4140,4
4141,4
4142,4
4143,4
4144,4
4145,4
4146,4
4147,3
4148,3
4149,3
4150,4
4151,3
4152,4
4153,4
4154,2
4155,4
4156,3
4157,4
4158,3
4159,4
4160,4
4161,3
4162,4
4163,4
4164,5
4165,3
4166,3
4167,4
4168,3
4169,3
4170,3
4171,3
4172,4
4173,4
4174,4
4175,4
4176,4
4177,3
4178,4
4179,4
4180,4
4181,4
4182,4
4183,3
4184,4
4185,4
4186,5
4187,4
4188,4
4189,4
4190,3
4191,4
4192,4
4193,4
4194,3
4195,4
4196,3
4197,4
4198,4
4199,3
4200,4
4201,4
4202,4
4203,4
4204,4
4205,4
4206,4
4207,3
4208,4
4209,4
4210,3
4211,5
4212,4
4213,3
4214,4
4215,3
4216,4
4217,3
4218,4
4219,4
4220,4
4221,4
4222,4
4223,4
4224,4
4225,3
4226,3
4227,4
4228,3
4229,4
4230,4
4231,3
4232,4
4233,4
4234,4
4235,4
4236,4
4237,4
4238,4
4239,4
4240,3
4241,4
4242,4
4243,4
4244,4
4245,4
4246,4
4247,4
4248,4
4249,4
4250,4
4251,4
4252,3
4253,4
4254,4
4255,4
4256,3
4257,4
4258,4
4259,4
4260,4
4261,4
4262,4
4263,3
4264,3
4265,4
4266,4
4267,4
4268,4
4269,4
4270,3
4271,3
4272,3
4273,4
4274,4
4275,4
4276,4
4277,4
4278,4
4279,4
4280,4
4281,3
4282,3
4283,4
4284,3
4285,4
4286,3
4287,4
4288,3
4289,4
4290,4
4291,4
4292,3
4293,4
4294,3
4295,4
4296,4
4297,4
4298,4
4299,4
4300,4
4301,4
4302,4
4303,3
4304,4
4305,4
4306,4
4307,3
4308,3
4309,4
4310,3
4311,3
4312,4
4313,3
4314,4
4315,4
4316,3
4317,4
4318,4
4319,4
4320,4
4321,4
4322,4
4323,4
4324,4
4325,4
4326,4
4327,4
4328,3
4329,4
4330,3
4331,3
4332,4
4333,4
4334,4
4335,3
4336,4
4337,3
4338,4
4339,3
4340,4
4341,4
4342,4
4343,4
4344,4
4345,4
4346,4
4347,4
4348,4
4349,3
4350,4
4351,4
4352,4
4353,4
4354,4
4355,4
4356,4
4357,4
4358,4
4359,4
4360,4
4361,3
4362,3
4363,3
4364,4
4365,4
4366,3
4367,4
4368,4
4369,4
4370,4
4371,4
4372,3
4373,4
4374,4
4375,4
4376,4
4377,3
4378,4
4379,3
4380,4
4381,4
4382,3
4383,3
4384,3
4385,4
4386,3
4387,4
4388,4
4389,4
4390,3
4391,3
4392,3
4393,3
4394,4
4395,3
4396,4
4397,4
4398,3
4399,4
4400,4
4401,3
4402,3
4403,3
4404,3
4405,4
4406,4
4407,4
4408,4
4409,4
4410,4
4411,4
4412,4
4413,4
4414,4
4415,5
4416,3
4417,3
4418,4
4419,4
4420,4
4421,4
4422,3
4423,4
4424,4
4425,4
4426,4
4427,3
4428,4
4429,4
4430,4
4431,4
4432,4
4433,4
4434,4
4435,3
4436,4
4437,4
4438,4
4439,4
4440,3
4441,3
4442,3
4443,4
4444,3
4445,3
4446,4
4447,4
4448,4
4449,4
4450,4
4451,3
4452,4
4453,4
4454,4
4455,4
4456,3
4457,4
4458,4
4459,4
4460,3
4461,4
4462,4
4463,3
4464,4
4465,4
4466,4
4467,4
4468,4
4469,4
4470,4
4471,4
4472,3
4473,3
4474,4
4475,4
4476,4
4477,3
4478,3
4479,3
4480,3
4481,3
4482,4
4483,4
4484,4
4485,3
4486,4
4487,4
4488,3
4489,4
4490,3
4491,4
4492,4
4493,4
4494,4
4495,4
4496,4
4497,4
4498,4
4499,4
4500,3
4501,4
4502,4
4503,4
4504,4
4505,3
4506,3
4507,4
4508,4
4509,3
4510,4
4511,4
4512,4
4513,4
4514,4
4515,4
4516,4
4517,4
4518,4
4519,3
4520,4
4521,4
4522,4
4523,4
4524,3
4525,4
4526,3
4527,3
4528,4
4529,4
4530,4
4531,4
4532,3
4533,4
4534,4
4535,4
4536,4
4537,4
4538,3
4539,3
4540,4
4541,4
4542,3
4543,3
4544,4
4545,4
4546,4
4547,3
4548,4
4549,4
4550,3
4551,3
4552,4
4553,3
4554,4
4555,4
4556,3
4557,4
4558,3
4559,4
4560,4
4561,3
4562,4
4563,4
4564,3
4565,4
4566,3
4567,4
4568,3
4569,3
4570,3
4571,5
4572,4
4573,4
4574,4
4575,3
4576,4
4577,3
4578,4
4579,4
4580,4
4581,4
4582,4
4583,3
4584,4
4585,4
4586,4
4587,4
4588,4
4589,3
4590,4
4591,4
4592,3
4593,4
4594,4
4595,4
4596,3
4597,3
4598,3
4599,3
4600,4
4601,4
4602,4
4603,4
4604,4
4605,4
4606,4
4607,4
4608,4
4609,3
4610,3
4611,4
4612,4
4613,3
4614,3
4615,4
4616,4
4617,4
4618,4
4619,3
4620,4
4621,4
4622,4
4623,4
4624,4
4625,4
4626,4
4627,3
4628,4
4629,4
4630,4
4631,3
4632,4
4633,4
4634,4
4635,4
4636,3
4637,4
4638,3
4639,4
4640,4
4641,4
4642,4
4643,4
4644,4
4645,3
4646,3
4647,3
4648,4
4649,4
4650,3
4651,4
4652,4
4653,4
4654,4
4655,4
4656,4
4657,4
4658,4
4659,3
4660,3
4661,4
4662,4
4663,4
4664,3
4665,4
4666,4
4667,3
4668,4
4669,3
4670,3
4671,3
4672,3
4673,4
4674,3
4675,3
4676,4
4677,4
4678,4
4679,4
4680,4
4681,4
4682,3
4683,4
4684,3
4685,4
4686,4
4687,3
4688,4
4689,3
4690,4
4691,4
4692,4
4693,3
4694,4
4695,4
4696,4
4697,4
4698,4
4699,4
4700,4
4701,4
4702,4
4703,3
4704,4
4705,4
4706,4
4707,4
4708,4
4709,4
4710,4
4711,3
4712,5
4713,3
4714,4
4715,4
4716,3
4717,4
4718,4
4719,4
4720,4
4721,3
4722,4
4723,3
4724,3
4725,4
4726,4
4727,4
4728,4
4729,4
4730,4
4731,4
4732,4
4733,4
4734,3
4735,3
4736,4
4737,4
4738,4
4739,4
4740,4
4741,4
4742,4
4743,3
4744,3
4745,4
4746,4
4747,4
4748,3
4749,4
4750,3
4751,4
4752,4
4753,4
4754,4
4755,4
4756,3
4757,4
4758,4
4759,4
4760,4
4761,3
4762,3
4763,4
4764,4
4765,4
4766,4
4767,3
4768,3
4769,3
4770,4
4771,4
4772,4
4773,4
4774,5
4775,5
4776,4
4777,4
4778,4
4779,3
4780,3
4781,4
4782,4
4783,4
4784,3
4785,4
4786,5
4787,4
4788,4
4789,4
4790,4
4791,4
4792,3
4793,4
4794,4
4795,3
4796,4
4797,4
4798,4
4799,3
4800,4
4801,4
4802,4
4803,4
4804,4
4805,4
4806,5
4807,4
4808,4
4809,4
4810,4
4811,3
4812,4
4813,4
4814,5
4815,4
4816,4
4817,4
4818,5
4819,4
4820,4
4821,4
4822,4
4823,4
4824,3
4825,4
4826,4
4827,4
4828,4
4829,4
4830,4
4831,3
4832,3
4833,4
4834,4
4835,4
4836,3
4837,5
4838,4
4839,3
4840,3
4841,4
4842,4
4843,4
4844,4
4845,4
4846,3
4847,3
4848,4
4849,4
4850,4
4851,4
4852,4
4853,4
4854,4
4855,4
4856,3
4857,4
4858,4
4859,4
4860,3
4861,4
4862,4
4863,4
4864,4
4865,4
4866,4
4867,4
4868,4
4869,4
4870,4
4871,4
4872,4
4873,4
4874,4
4875,4
4876,4
4877,4
4878,4
4879,4
4880,4
4881,4
4882,4
4883,3
4884,4
4885,4
4886,4
4887,3
4888,3
4889,4
4890,4
4891,4
4892,4
4893,4
4894,4
4895,4
4896,3
4897,4
4898,4
4899,4
4900,4
4901,3
4902,4
4903,3
4904,4
4905,4
4906,4
4907,3
4908,4
4909,3
4910,4
4911,4
4912,3
4913,3
4914,4
4915,4
4916,3
4917,5
4918,4
4919,4
4920,4
4921,4
4922,4
4923,3
4924,4
4925,4
4926,4
4927,4
4928,4
4929,4
4930,4
4931,4
4932,4
4933,4
4934,4
4935,3
4936,4
4937,4
4938,4
4939,4
4940,4
4941,4
4942,4
4943,4
4944,4
4945,4
4946,4
4947,4
4948,4
4949,3
4950,4
4951,4
4952,3
4953,3
4954,4
4955,3
4956,3
4957,4
4958,4
4959,4
4960,4
4961,3
4962,4
4963,4
4964,3
4965,3
4966,5
4967,4
4968,4
4969,3
4970,4
4971,4
4972,4
4973,4
4974,4
4975,4
4976,4
4977,4
4978,3
4979,4
4980,3
4981,3
4982,3
4983,4
4984,4
4985,4
4986,3
4987,4
4988,4
4989,3
4990,4
4991,4
4992,4
4993,4
4994,4
4995,4
4996,4
4997,4
4998,3
4999,4
5000,4
5001,4
5002,4
5003,4
5004,4
5005,3
5006,3
5007,4
5008,4
5009,4
5010,4
5011,3
5012,4
5013,4
5014,4
5015,4
5016,4
5017,4
5018,3
5019,3
5020,4
5021,4
5022,3
5023,3
5024,4
5025,4
5026,4
5027,4
5028,5
5029,4
5030,4
5031,4
5032,4
5033,3
5034,3
5035,4
5036,3
5037,3
5038,4
5039,3
5040,4
5041,4
5042,4
5043,4
5044,4
5045,4
5046,4
5047,4
5048,4
5049,4
5050,3
5051,3
5052,4
5053,4
5054,4
5055,3
5056,4
5057,4
5058,4
5059,4
5060,4
5061,3
5062,4
5063,3
5064,3
5065,3
5066,3
5067,4
5068,3
5069,3
5070,3
5071,4
5072,4
5073,3
5074,4
5075,3
5076,4
5077,4
5078,4
5079,3
5080,4
5081,3
5082,4
5083,4
5084,3
5085,3
5086,4
5087,4
5088,3
5089,4
5090,4
5091,4
5092,3
5093,4
5094,4
5095,4
5096,3
5097,4
5098,4
5099,4
5100,4
5101,4
5102,4
5103,4
5104,3
5105,4
5106,4
5107,4
5108,4
5109,4
5110,4
5111,5
5112,4
5113,4
5114,4
5115,4
5116,5
5117,4
5118,4
5119,4
5120,4
5121,3
5122,4
5123,4
5124,3
5125,4
5126,4
5127,3
5128,3
5129,4
5130,4
5131,3
5132,4
5133,4
5134,4
5135,4
5136,4
5137,3
5138,3
5139,4
5140,4
5141,4
5142,4
5143,4
5144,4
5145,3
5146,4
5147,4
5148,4
5149,4
5150,4
5151,4
5152,3
5153,4
5154,4
5155,4
5156,3
5157,3
5158,4
5159,4
5160,4
5161,4
5162,4
5163,4
5164,4
5165,4
5166,3
5167,4
5168,4
5169,4
5170,3
5171,4
5172,4
5173,4
5174,5
5175,4
5176,4
5177,3
5178,4
5179,4
5180,4
5181,4
5182,4
5183,4
5184,4
5185,4
5186,4
5187,4
5188,4
5189,3
5190,4
5191,3
5192,3
5193,4
5194,4
5195,4
5196,3
5197,4
5198,4
5199,3
5200,4
5201,5
5202,4
5203,4
5204,4
5205,4
5206,4
5207,3
5208,4
5209,4
5210,3
5211,3
5212,4
5213,3
5214,4
5215,5
5216,4
5217,3
5218,4
5219,3
5220,4
5221,4
5222,3
5223,3
5224,4
5225,4
5226,3
5227,4
5228,3
5229,3
5230,4
5231,4
5232,4
5233,3
5234,4
5235,3
5236,4
5237,4
5238,4
5239,3
5240,4
5241,4
5242,3
5243,3
5244,4
5245,4
5246,4
5247,4
5248,4
5249,4
5250,3
5251,4
5252,4
5253,4
5254,4
5255,4
5256,4
5257,3
5258,4
5259,4
5260,4
5261,4
5262,4
5263,4
5264,4
5265,3
5266,4
5267,4
5268,4
5269,3
5270,4
5271,3
5272,4
5273,4
5274,3
5275,4
5276,4
5277,4
5278,3
5279,4
5280,4
5281,3
5282,4
5283,3
5284,4
5285,4
5286,4
5287,5
5288,4
5289,3
5290,4
5291,4
5292,4
5293,4
5294,4
5295,4
5296,4
5297,4
5298,4
5299,3
5300,4
5301,3
5302,3
5303,4
5304,4
5305,3
5306,4
5307,4
5308,4
5309,4
5310,3
5311,4
5312,4
5313,4
5314,4
5315,3
5316,4
5317,3
5318,4
5319,4
5320,4
5321,3
5322,4
5323,4
5324,4
5325,4
5326,4
5327,4
5328,3
5329,4
5330,4
5331,4
5332,4
5333,4
5334,4
5335,4
5336,3
5337,4
5338,4
5339,4
5340,5
5341,5
5342,5
5343,4
5344,3
5345,3
5346,4
5347,4
5348,4
5349,4
5350,4
5351,4
5352,3
5353,4
5354,4
5355,3
5356,4
5357,4
5358,4
5359,4
5360,4
5361,4
5362,3
5363,4
5364,4
5365,4
5366,4
5367,4
5368,3
5369,3
5370,4
5371,4
5372,4
5373,3
5374,3
5375,4
5376,4
5377,4
5378,4
5379,3
5380,4
5381,4
5382,4
5383,3
5384,3
5385,4
5386,4
5387,5
5388,3
5389,4
5390,4
5391,4
5392,4
5393,3
5394,3
5395,4
5396,3
5397,3
5398,4
5399,4
5400,3
5401,4
5402,4
5403,3
5404,3
5405,3
5406,4
5407,4
5408,4
5409,4
5410,3
5411,4
5412,4
5413,4
5414,4
5415,3
5416,4
5417,3
5418,3
5419,3
5420,4
5421,4
5422,4
5423,4
5424,4
5425,3
5426,4
5427,4
5428,4
5429,4
5430,4
5431,4
5432,4
5433,3
5434,4
5435,3
5436,3
5437,4
5438,4
5439,5
5440,3
5441,3
5442,4
5443,4
5444,3
5445,3
5446,4
5447,3
5448,4
5449,4
5450,4
5451,4
5452,4
5453,3
5454,2
5455,4
5456,4
5457,4
5458,4
5459,3
5460,3
5461,4
5462,3
5463,4
5464,4
5465,4
5466,4
5467,4
5468,4
5469,4
5470,4
5471,4
5472,4
5473,5
5474,3
5475,4
5476,4
5477,4
5478,4
5479,4
5480,4
5481,4
5482,3
5483,4
5484,4
5485,4
5486,4
5487,4
5488,4
5489,4
5490,4
5491,3
5492,4
5493,4
5494,4
5495,3
5496,4
5497,3
5498,4
5499,3
5500,4
5501,4
5502,3
5503,4
5504,3
5505,3
5506,4
5507,4
5508,3
5509,4
5510,4
5511,4
5512,4
5513,4
5514,4
5515,3
5516,4
5517,4
5518,4
5519,4
5520,4
5521,4
5522,4
5523,5
5524,4
5525,3
5526,4
5527,4
5528,4
5529,4
5530,4
5531,3
5532,4
5533,3
5534,4
5535,4
5536,4
5537,3
5538,4
5539,4
5540,3
5541,3
5542,4
5543,3
5544,4
5545,4
5546,3
5547,4
5548,4
5549,3
5550,3
5551,4
5552,4
5553,3
5554,4
5555,4
5556,4
5557,4
5558,4
5559,4
5560,3
5561,4
5562,3
5563,4
5564,4
5565,4
5566,4
5567,3
5568,3
5569,4
5570,4
5571,4
5572,4
5573,4
5574,4
5575,4
5576,3
5577,4
5578,4
5579,4
5580,4
5581,3
5582,4
5583,4
5584,4
5585,4
5586,4
5587,3
5588,4
5589,3
5590,4
5591,5
5592,3
5593,4
5594,4
5595,3
5596,3
5597,3
5598,3
5599,4
5600,3
5601,4
5602,4
5603,3
5604,5
5605,4
5606,3
5607,3
5608,3
5609,4
5610,4
5611,4
5612,4
5613,4
5614,4
5615,4
5616,3
5617,4
5618,3
5619,4
5620,4
5621,3
5622,4
5623,3
5624,4
5625,3
5626,4
5627,4
5628,4
5629,4
5630,3
5631,4
5632,3
5633,4
5634,4
5635,4
5636,3
5637,3
5638,4
5639,4
5640,4
5641,4
5642,3
5643,4
5644,3
5645,3
5646,4
5647,3
5648,3
5649,3
5650,4
5651,4
5652,3
5653,4
5654,4
5655,3
5656,4
5657,4
5658,4
5659,4
5660,3
5661,4
5662,3
5663,4
5664,4
5665,3
5666,4
5667,4
5668,4
5669,4
5670,3
5671,4
5672,4
5673,4
5674,3
5675,4
5676,3
5677,3
5678,4
5679,5
5680,3
5681,3
5682,4
5683,4
5684,3
5685,4
5686,4
5687,4
5688,5
5689,3
5690,4
5691,4
5692,4
5693,4
5694,4
5695,3
5696,4
5697,3
5698,3
5699,3
5700,4
5701,4
5702,4
5703,3
5704,4
5705,4
5706,4
5707,4
5708,4
5709,4
5710,3
5711,4
5712,3
5713,4
5714,3
5715,4
5716,4
5717,3
5718,4
5719,4
5720,3
5721,4
5722,4
5723,3
5724,4
5725,3
5726,4
5727,3
5728,4
5729,3
5730,3
5731,4
5732,4
5733,4
5734,4
5735,3
5736,4
5737,3
5738,3
5739,3
5740,4
5741,3
5742,4
5743,4
5744,4
5745,4
5746,4
5747,3
5748,4
5749,4
5750,4
5751,4
5752,4
5753,4
5754,4
5755,3
5756,4
5757,3
5758,3
5759,4
5760,4
5761,4
5762,4
5763,4
5764,4
5765,3
5766,4
5767,3
5768,3
5769,4
5770,4
5771,4
5772,4
5773,4
5774,3
5775,4
5776,4
5777,3
5778,4
5779,4
5780,4
5781,4
5782,4
5783,3
5784,3
5785,4
5786,4
5787,4
5788,4
5789,3
5790,4
5791,4
5792,4
5793,4
5794,3
5795,4
5796,4
5797,4
5798,4
5799,4
5800,4
5801,3
5802,4
5803,4
5804,4
5805,4
5806,4
5807,4
5808,4
5809,4
5810,3
5811,4
5812,4
5813,3
5814,4
5815,4
5816,4
5817,4
5818,4
5819,3
5820,4
5821,3
5822,3
5823,3
5824,3
5825,4
5826,4
5827,3
5828,4
5829,4
5830,4
5831,3
5832,4
5833,4
5834,4
5835,4
5836,4
5837,4
5838,4
5839,4
5840,4
5841,4
5842,3
5843,4
5844,3
5845,4
5846,4
5847,3
5848,4
5849,4
5850,5
5851,4
5852,4
5853,4
5854,4
5855,4
5856,3
5857,3
5858,4
5859,4
5860,4
5861,3
5862,4
5863,4
5864,4
5865,4
5866,4
5867,3
5868,4
5869,3
5870,4
5871,4
5872,3
5873,4
5874,4
5875,4
5876,4
5877,3
5878,5
5879,4
5880,4
5881,4
5882,3
5883,4
5884,4
5885,3
5886,4
5887,3
5888,4
5889,4
5890,4
5891,4
5892,5
5893,3
5894,3
5895,4
5896,4
5897,4
5898,4
5899,4
5900,4
5901,4
5902,4
5903,4
5904,4
5905,4
5906,4
5907,4
5908,4
5909,3
5910,3
5911,3
5912,4
5913,4
5914,3
5915,4
5916,4
5917,4
5918,3
5919,4
5920,4
5921,4
5922,3
5923,3
5924,4
5925,4
5926,4
5927,4
5928,4
5929,3
5930,4
5931,4
5932,4
5933,4
5934,4
5935,3
5936,3
5937,3
5938,3
5939,4
5940,4
5941,4
5942,4
5943,4
5944,4
5945,4
5946,4
5947,4
5948,4
5949,4
5950,5
5951,4
5952,4
5953,4
5954,3
5955,4
5956,4
5957,4
5958,3
5959,4
5960,4
5961,4
5962,4
5963,4
5964,4
5965,4
5966,3
5967,3
5968,4
5969,4
5970,3
5971,4
5972,3
5973,4
5974,4
5975,4
5976,3
5977,4
5978,3
5979,4
5980,4
5981,4
5982,3
5983,4
5984,4
5985,4
5986,4
5987,4
5988,3
5989,4
5990,4
5991,3
5992,4
5993,3
5994,4
5995,4
5996,3
5997,3
5998,4
5999,3
6000,4
6001,4
6002,4
6003,4
6004,5
6005,4
6006,4
6007,4
6008,4
6009,4
6010,4
6011,3
6012,4
6013,3
6014,4
6015,4
6016,4
6017,4
6018,4
6019,4
6020,4
6021,3
6022,3
6023,3
6024,4
6025,4
6026,4
6027,4
6028,4
6029,3
6030,4
6031,4
6032,3
6033,4
6034,5
6035,3
6036,4
6037,4
6038,4
6039,4
6040,3
6041,3
6042,4
6043,3
6044,4
6045,3
6046,4
6047,3
6048,4
6049,3
6050,4
6051,4
6052,4
6053,4
6054,4
6055,4
6056,4
6057,4
6058,4
6059,4
6060,3
6061,4
6062,4
6063,4
6064,4
6065,4
6066,4
6067,4
6068,4
6069,4
6070,3
6071,4
6072,4
6073,3
6074,4
6075,5
6076,4
6077,4
6078,4
6079,4
6080,4
6081,4
6082,4
6083,3
6084,3
6085,5
6086,4
6087,3
6088,4
6089,4
6090,4
6091,4
6092,3
6093,3
6094,4
6095,3
6096,4
6097,4
6098,3
6099,3
6100,4
6101,4
6102,4
6103,3
6104,4
6105,3
6106,3
6107,4
6108,4
6109,4
6110,4
6111,4
6112,4
6113,5
6114,4
6115,4
6116,3
6117,4
6118,3
6119,4
6120,4
6121,4
6122,4
6123,3
6124,4
6125,3
6126,5
6127,4
6128,4
6129,3
6130,4
6131,4
6132,5
6133,4
6134,4
6135,4
6136,4
6137,4
6138,4
6139,4
6140,4
6141,4
6142,3
6143,4
6144,3
6145,4
6146,4
6147,4
6148,4
6149,4
6150,4
6151,4
6152,4
6153,4
6154,4
6155,3
6156,3
6157,4
6158,4
6159,3
6160,3
6161,4
6162,4
6163,4
6164,4
6165,4
6166,4
6167,4
6168,4
6169,4
6170,4
6171,4
6172,4
6173,4
6174,4
6175,4
6176,4
6177,4
6178,3
6179,4
6180,3
6181,4
6182,4
6183,4
6184,3
6185,4
6186,3
6187,4
6188,3
6189,4
6190,4
6191,3
6192,4
6193,4
6194,4
6195,4
6196,4
6197,4
6198,4
6199,4
6200,3
6201,3
6202,4
6203,4
